{
	"frames": [
		{
			"filename": "RunRight01.png",
			"frame": {
				"x": 0,
				"y": 0,
				"w": 128,
				"h": 128
			},
			"rotated": false,
			"trimmed": false,
			"spriteSourceSize": {
				"x": 0,
				"y": 0,
				"w": 128,
				"h": 128
			},
			"sourceSize": {
				"w": 128,
				"h": 128
			}
		},
		{
			"filename": "RunRight02.png",
			"frame": {
				"x": 128,
				"y": 0,
				"w": 128,
				"h": 128
			},
			"rotated": false,
			"trimmed": false,
			"spriteSourceSize": {
				"x": 0,
				"y": 0,
				"w": 128,
				"h": 128
			},
			"sourceSize": {
				"w": 128,
				"h": 128
			}
		},
		{
			"filename": "RunRight03.png",
			"frame": {
				"x": 0,
				"y": 128,
				"w": 128,
				"h": 128
			},
			"rotated": false,
			"trimmed": false,
			"spriteSourceSize": {
				"x": 0,
				"y": 0,
				"w": 128,
				"h": 128
			},
			"sourceSize": {
				"w": 128,
				"h": 128
			}
		},
		{
			"filename": "RunRight04.png",
			"frame": {
				"x": 128,
				"y": 128,
				"w": 128,
				"h": 128
			},
			"rotated": false,
			"trimmed": false,
			"spriteSourceSize": {
				"x": 0,
				"y": 0,
				"w": 128,
				"h": 128
			},
			"sourceSize": {
				"w": 128,
				"h": 128
			}
		}
	],
	"meta": {
		"app": "http://www.codeandweb.com/texturepacker",
		"version": "1.0",
		"image": "spritesheet.png",
		"format": "RGBA8888",
		"size": {
			"w": 256,
			"h": 256
		},
		"scale": "1"
	}
}